"filename", "language", "Markdown", "Python", "CMake", "C++", "comment", "blank", "total"
"/run/media/nico/d/school/app/cpp-fabricmc/CMakeLists.txt", "CMake", 0, 0, 46, 0, 0, 8, 54
"/run/media/nico/d/school/app/cpp-fabricmc/NEXT_STEPS.md", "Markdown", 36, 0, 0, 0, 0, 13, 49
"/run/media/nico/d/school/app/cpp-fabricmc/README.md", "Markdown", 146, 0, 0, 0, 0, 33, 179
"/run/media/nico/d/school/app/cpp-fabricmc/docs/PROTOCOL_NOTES.md", "Markdown", 64, 0, 0, 0, 0, 19, 83
"/run/media/nico/d/school/app/cpp-fabricmc/src/api/EventBus.hpp", "C++", 0, 0, 0, 54, 11, 9, 74
"/run/media/nico/d/school/app/cpp-fabricmc/src/api/PluginChannels.hpp", "C++", 0, 0, 0, 51, 9, 9, 69
"/run/media/nico/d/school/app/cpp-fabricmc/src/brigadier/Arguments.hpp", "C++", 0, 0, 0, 340, 29, 27, 396
"/run/media/nico/d/school/app/cpp-fabricmc/src/brigadier/StringReader.hpp", "C++", 0, 0, 0, 122, 2, 12, 136
"/run/media/nico/d/school/app/cpp-fabricmc/src/brigadier/Tree.hpp", "C++", 0, 0, 0, 265, 18, 27, 310
"/run/media/nico/d/school/app/cpp-fabricmc/src/core/ByteBuffer.hpp", "C++", 0, 0, 0, 152, 3, 16, 171
"/run/media/nico/d/school/app/cpp-fabricmc/src/core/Json.hpp", "C++", 0, 0, 0, 277, 8, 13, 298
"/run/media/nico/d/school/app/cpp-fabricmc/src/core/NBT.cpp", "C++", 0, 0, 0, 70, 1, 6, 77
"/run/media/nico/d/school/app/cpp-fabricmc/src/core/NBT.hpp", "C++", 0, 0, 0, 94, 9, 15, 118
"/run/media/nico/d/school/app/cpp-fabricmc/src/core/NBTValue.hpp", "C++", 0, 0, 0, 135, 3, 9, 147
"/run/media/nico/d/school/app/cpp-fabricmc/src/core/Zlib.hpp", "C++", 0, 0, 0, 48, 2, 6, 56
"/run/media/nico/d/school/app/cpp-fabricmc/src/game/Ai.hpp", "C++", 0, 0, 0, 104, 7, 12, 123
"/run/media/nico/d/school/app/cpp-fabricmc/src/game/AiBrain.cpp", "C++", 0, 0, 0, 182, 10, 13, 205
"/run/media/nico/d/school/app/cpp-fabricmc/src/game/AiBrain.hpp", "C++", 0, 0, 0, 111, 10, 20, 141
"/run/media/nico/d/school/app/cpp-fabricmc/src/game/Anvil.hpp", "C++", 0, 0, 0, 219, 11, 14, 244
"/run/media/nico/d/school/app/cpp-fabricmc/src/game/BlockEntities.hpp", "C++", 0, 0, 0, 168, 8, 15, 191
"/run/media/nico/d/school/app/cpp-fabricmc/src/game/ChunkCodec.hpp", "C++", 0, 0, 0, 236, 33, 28, 297
"/run/media/nico/d/school/app/cpp-fabricmc/src/game/Commands.cpp", "C++", 0, 0, 0, 649, 29, 15, 693
"/run/media/nico/d/school/app/cpp-fabricmc/src/game/Containers.cpp", "C++", 0, 0, 0, 46, 3, 7, 56
"/run/media/nico/d/school/app/cpp-fabricmc/src/game/Containers.hpp", "C++", 0, 0, 0, 56, 13, 13, 82
"/run/media/nico/d/school/app/cpp-fabricmc/src/game/EmbeddedData.hpp", "C++", 0, 0, 0, 71, 9, 9, 89
"/run/media/nico/d/school/app/cpp-fabricmc/src/game/Entities.hpp", "C++", 0, 0, 0, 102, 8, 12, 122
"/run/media/nico/d/school/app/cpp-fabricmc/src/game/GameData.hpp", "C++", 0, 0, 0, 47, 8, 6, 61
"/run/media/nico/d/school/app/cpp-fabricmc/src/game/GameRules.hpp", "C++", 0, 0, 0, 47, 3, 6, 56
"/run/media/nico/d/school/app/cpp-fabricmc/src/game/GameServer.cpp", "C++", 0, 0, 0, 2705, 114, 186, 3005
"/run/media/nico/d/school/app/cpp-fabricmc/src/game/GameServer.hpp", "C++", 0, 0, 0, 450, 33, 23, 506
"/run/media/nico/d/school/app/cpp-fabricmc/src/game/Items.hpp", "C++", 0, 0, 0, 67, 9, 8, 84
"/run/media/nico/d/school/app/cpp-fabricmc/src/game/MenuInteraction.cpp", "C++", 0, 0, 0, 408, 17, 23, 448
"/run/media/nico/d/school/app/cpp-fabricmc/src/game/MenuInteraction.hpp", "C++", 0, 0, 0, 36, 4, 9, 49
"/run/media/nico/d/school/app/cpp-fabricmc/src/game/MineData.hpp", "C++", 0, 0, 0, 35, 1, 6, 42
"/run/media/nico/d/school/app/cpp-fabricmc/src/game/MobEffects.hpp", "C++", 0, 0, 0, 123, 6, 10, 139
"/run/media/nico/d/school/app/cpp-fabricmc/src/game/Persistence.hpp", "C++", 0, 0, 0, 173, 4, 13, 190
"/run/media/nico/d/school/app/cpp-fabricmc/src/game/Recipes.cpp", "C++", 0, 0, 0, 285, 12, 22, 319
"/run/media/nico/d/school/app/cpp-fabricmc/src/game/Recipes.hpp", "C++", 0, 0, 0, 104, 60, 9, 173
"/run/media/nico/d/school/app/cpp-fabricmc/src/game/RegionFile.hpp", "C++", 0, 0, 0, 101, 8, 12, 121
"/run/media/nico/d/school/app/cpp-fabricmc/src/game/ServerEvents.hpp", "C++", 0, 0, 0, 51, 3, 6, 60
"/run/media/nico/d/school/app/cpp-fabricmc/src/game/Stats.cpp", "C++", 0, 0, 0, 114, 10, 11, 135
"/run/media/nico/d/school/app/cpp-fabricmc/src/game/Stats.hpp", "C++", 0, 0, 0, 94, 11, 14, 119
"/run/media/nico/d/school/app/cpp-fabricmc/src/game/TerrainGen.hpp", "C++", 0, 0, 0, 97, 11, 15, 123
"/run/media/nico/d/school/app/cpp-fabricmc/src/game/World.hpp", "C++", 0, 0, 0, 355, 24, 27, 406
"/run/media/nico/d/school/app/cpp-fabricmc/src/game/WorldGen.cpp", "C++", 0, 0, 0, 234, 16, 20, 270
"/run/media/nico/d/school/app/cpp-fabricmc/src/game/Xp.hpp", "C++", 0, 0, 0, 56, 3, 6, 65
"/run/media/nico/d/school/app/cpp-fabricmc/src/generated/BlockStates.hpp", "C++", 0, 0, 0, 2541, 16, 15, 2572
"/run/media/nico/d/school/app/cpp-fabricmc/src/generated/EntityIds.hpp", "C++", 0, 0, 0, 169, 1, 6, 176
"/run/media/nico/d/school/app/cpp-fabricmc/src/generated/ItemIds.hpp", "C++", 0, 0, 0, 1404, 1, 5, 1410
"/run/media/nico/d/school/app/cpp-fabricmc/src/main.cpp", "C++", 0, 0, 0, 105, 1, 9, 115
"/run/media/nico/d/school/app/cpp-fabricmc/src/net/Connection.hpp", "C++", 0, 0, 0, 202, 11, 13, 226
"/run/media/nico/d/school/app/cpp-fabricmc/src/net/Crypto.hpp", "C++", 0, 0, 0, 89, 6, 12, 107
"/run/media/nico/d/school/app/cpp-fabricmc/src/net/MojangAuth.hpp", "C++", 0, 0, 0, 63, 4, 6, 73
"/run/media/nico/d/school/app/cpp-fabricmc/src/net/Rcon.hpp", "C++", 0, 0, 0, 159, 5, 12, 176
"/run/media/nico/d/school/app/cpp-fabricmc/src/physics/Fluids.cpp", "C++", 0, 0, 0, 142, 12, 14, 168
"/run/media/nico/d/school/app/cpp-fabricmc/src/physics/Fluids.hpp", "C++", 0, 0, 0, 35, 12, 13, 60
"/run/media/nico/d/school/app/cpp-fabricmc/src/physics/LightEngine.cpp", "C++", 0, 0, 0, 194, 14, 21, 229
"/run/media/nico/d/school/app/cpp-fabricmc/src/physics/LightEngine.hpp", "C++", 0, 0, 0, 36, 14, 12, 62
"/run/media/nico/d/school/app/cpp-fabricmc/src/physics/Redstone.cpp", "C++", 0, 0, 0, 219, 14, 23, 256
"/run/media/nico/d/school/app/cpp-fabricmc/src/physics/Redstone.hpp", "C++", 0, 0, 0, 35, 15, 11, 61
"/run/media/nico/d/school/app/cpp-fabricmc/src/proto/Ids.hpp", "C++", 0, 0, 0, 191, 5, 9, 205
"/run/media/nico/d/school/app/cpp-fabricmc/src/worldgen/DensityFunction.cpp", "C++", 0, 0, 0, 93, 2, 5, 100
"/run/media/nico/d/school/app/cpp-fabricmc/src/worldgen/DensityFunction.hpp", "C++", 0, 0, 0, 174, 19, 16, 209
"/run/media/nico/d/school/app/cpp-fabricmc/src/worldgen/MultiNoise.cpp", "C++", 0, 0, 0, 39, 8, 4, 51
"/run/media/nico/d/school/app/cpp-fabricmc/src/worldgen/MultiNoise.hpp", "C++", 0, 0, 0, 77, 12, 12, 101
"/run/media/nico/d/school/app/cpp-fabricmc/src/worldgen/Structures.cpp", "C++", 0, 0, 0, 170, 9, 16, 195
"/run/media/nico/d/school/app/cpp-fabricmc/src/worldgen/Structures.hpp", "C++", 0, 0, 0, 94, 17, 14, 125
"/run/media/nico/d/school/app/cpp-fabricmc/tests/TestClient.cpp", "C++", 0, 0, 0, 486, 10, 34, 530
"/run/media/nico/d/school/app/cpp-fabricmc/tests/TestClient.hpp", "C++", 0, 0, 0, 69, 14, 16, 99
"/run/media/nico/d/school/app/cpp-fabricmc/tests/anvil_persistence_test.py", "Python", 0, 284, 0, 0, 13, 27, 324
"/run/media/nico/d/school/app/cpp-fabricmc/tests/integration_client.py", "Python", 0, 251, 0, 0, 8, 22, 281
"/run/media/nico/d/school/app/cpp-fabricmc/tests/mcproto.py", "Python", 0, 183, 0, 0, 25, 29, 237
"/run/media/nico/d/school/app/cpp-fabricmc/tests/mini_probe.cpp", "C++", 0, 0, 0, 9, 0, 1, 10
"/run/media/nico/d/school/app/cpp-fabricmc/tests/multi_client_test.py", "Python", 0, 109, 0, 0, 6, 14, 129
"/run/media/nico/d/school/app/cpp-fabricmc/tests/native_integration.cpp", "C++", 0, 0, 0, 248, 21, 27, 296
"/run/media/nico/d/school/app/cpp-fabricmc/tests/stress_test.py", "Python", 0, 71, 0, 0, 4, 7, 82
"/run/media/nico/d/school/app/cpp-fabricmc/tests/test_golden.cpp", "C++", 0, 0, 0, 96, 8, 13, 117
"/run/media/nico/d/school/app/cpp-fabricmc/tools/capture.py", "Python", 0, 138, 0, 0, 4, 18, 160
"/run/media/nico/d/school/app/cpp-fabricmc/tools/flow_probe.py", "Python", 0, 55, 0, 0, 2, 4, 61
"/run/media/nico/d/school/app/cpp-fabricmc/tools/gen_entities.py", "Python", 0, 38, 0, 0, 2, 5, 45
"/run/media/nico/d/school/app/cpp-fabricmc/tools/gen_items.py", "Python", 0, 37, 0, 0, 2, 6, 45
"/run/media/nico/d/school/app/cpp-fabricmc/tools/gen_tables.py", "Python", 0, 259, 0, 0, 17, 11, 287
"/run/media/nico/d/school/app/cpp-fabricmc/tools/nbtdec.py", "Python", 0, 220, 0, 0, 4, 15, 239
"Total", "-", 246, 1645, 46, 16273, 931, 1309, 20450